City_ID,City,Country,Lat,Lng,Max Temp,Humidity,Cloudiness,Wind Speed,Current Description
0,Avarua,CK,-21.2078,-159.775,80.65,65,92,9.22,overcast clouds
1,Salinopolis,BR,-0.6136,-47.3561,78.37,81,2,7.4,clear sky
2,Minas,UY,-34.3759,-55.2377,40.93,79,13,1.95,few clouds
3,Albany,US,42.6001,-73.9662,65.73,91,100,3.65,overcast clouds
4,East London,ZA,-33.0153,27.9116,75.56,30,100,12.46,overcast clouds
5,Barrow,US,71.2906,-156.7887,30.22,86,100,5.75,overcast clouds
6,Mataura,NZ,-46.1927,168.8643,46.47,87,99,12.53,overcast clouds
7,Klaksvik,FO,62.2266,-6.589,47.32,91,98,13.18,overcast clouds
8,Launceston,AU,-41.45,147.1667,52.61,54,5,1.14,clear sky
9,Ushuaia,AR,-54.8,-68.3,38.86,100,100,2.3,fog
10,Victoria,HK,22.2855,114.1577,87.85,81,100,20.0,overcast clouds
11,Los Llanos De Aridane,ES,28.6585,-17.9182,65.95,91,100,6.91,overcast clouds
12,Nikolskoye,RU,59.7035,30.7861,57.79,80,94,4.43,overcast clouds
13,Semirom,IR,31.4167,51.5667,64.06,20,0,2.53,clear sky
14,Richards Bay,ZA,-28.783,32.0377,57.31,60,3,8.5,clear sky
15,Leningradskiy,RU,69.3833,178.4167,35.44,85,99,7.65,overcast clouds
16,Aklavik,CA,68.2191,-135.0107,42.96,71,100,12.44,overcast clouds
17,Bethel,US,41.3712,-73.414,67.62,94,83,3.44,broken clouds
18,Kinablangan,PH,7.6947,126.5503,84.99,68,100,4.27,overcast clouds
19,Mandalgovi,MN,45.7625,106.2708,68.97,30,49,9.42,scattered clouds
20,Vaini,TO,-21.2,-175.2,82.56,74,40,11.5,smoke
21,Carutapera,BR,-1.195,-46.02,75.4,89,1,5.41,clear sky
22,Butaritari,KI,3.0707,172.7902,82.02,69,0,13.51,clear sky
23,Hilo,US,19.7297,-155.09,87.28,76,100,6.91,overcast clouds
24,Dudinka,RU,69.4058,86.1778,70.92,35,65,9.19,broken clouds
25,Pevek,RU,69.7008,170.3133,40.24,62,81,13.94,broken clouds
26,Hobart,AU,-42.8794,147.3294,53.06,64,20,13.8,few clouds
27,Samarai,PG,-10.6167,150.6667,83.35,71,75,9.89,broken clouds
28,Lebu,CL,-37.6167,-73.65,48.25,89,100,10.33,overcast clouds
29,Tuktoyaktuk,CA,69.4541,-133.0374,33.8,93,100,9.22,overcast clouds
30,Chuy,UY,-33.6971,-53.4616,45.52,94,4,6.06,clear sky
31,Bandarbeyla,SO,9.4942,50.8122,80.89,66,99,25.7,overcast clouds
32,Busselton,AU,-33.65,115.3333,60.15,71,96,16.78,overcast clouds
33,Ulaangom,MN,49.9811,92.0667,80.51,28,78,3.78,broken clouds
34,Kapaa,US,22.0752,-159.319,84.18,82,40,17.27,scattered clouds
35,Rikitea,PF,-23.1203,-134.9692,73.24,68,27,12.5,scattered clouds
36,Hailar,CN,49.2,119.7,67.39,61,94,7.27,moderate rain
37,Hermanus,ZA,-34.4187,19.2345,63.81,79,100,14.61,overcast clouds
38,Pinerovka,RU,51.562,43.0689,57.15,77,0,6.04,clear sky
39,Tautira,PF,-17.7333,-149.15,78.55,68,21,18.32,few clouds
40,Pangnirtung,CA,66.1451,-65.7125,27.39,92,79,1.86,broken clouds
41,Powell,US,40.1578,-83.0752,73.4,93,40,3.44,scattered clouds
42,Nha Trang,VN,12.25,109.1833,89.6,58,99,5.28,overcast clouds
43,Nouadhibou,MR,20.931,-17.0347,66.88,86,18,25.75,few clouds
44,Stornoway,GB,58.2093,-6.3865,49.93,90,75,5.75,broken clouds
45,Hithadhoo,MV,-0.6,73.0833,83.64,72,100,7.47,overcast clouds
46,Carnarvon,AU,-24.8667,113.6333,68.22,57,4,14.32,clear sky
47,Port Elizabeth,ZA,-33.918,25.5701,67.32,64,100,4.0,overcast clouds
48,Vung Tau,VN,10.346,107.0843,84.11,72,60,4.9,broken clouds
49,Nome,US,64.5011,-165.4064,51.17,49,100,10.36,overcast clouds
50,Beringovskiy,RU,63.05,179.3167,43.66,63,38,5.66,scattered clouds
51,Alofi,NU,-19.0595,-169.9187,80.49,78,40,11.5,scattered clouds
52,Gbarnga,LR,6.9956,-9.4722,70.2,100,91,2.17,overcast clouds
53,Monrovia,LR,6.3005,-10.7969,77.2,87,52,7.0,light rain
54,Glenluce,GB,54.8798,-4.8084,49.26,92,85,13.31,overcast clouds
55,Georgetown,MY,5.4112,100.3354,87.73,70,20,3.44,few clouds
56,Ishigaki,JP,24.3448,124.1572,82.72,88,83,22.08,broken clouds
57,Quesnel,CA,52.9999,-122.5029,59.5,58,75,5.75,broken clouds
58,Nara,JP,34.6851,135.8049,81.5,28,100,2.89,overcast clouds
59,Zhangjiakou,CN,40.81,114.8794,70.88,39,72,12.28,broken clouds
60,La Ronge,CA,55.1001,-105.2842,54.3,91,81,4.81,broken clouds
61,Qaanaaq,GL,77.484,-69.3632,23.56,72,1,6.87,clear sky
62,Punta Arenas,CL,-53.15,-70.9167,46.11,87,100,9.8,overcast clouds
63,Jamestown,US,42.097,-79.2353,64.02,66,98,1.01,overcast clouds
64,Ponta Do Sol,PT,32.6667,-17.1,68.72,80,23,2.06,few clouds
65,Yellowknife,CA,62.456,-114.3525,62.17,56,26,2.21,scattered clouds
66,Upernavik,GL,72.7868,-56.1549,28.18,77,69,1.63,broken clouds
67,Umm Lajj,SA,25.0213,37.2685,84.88,54,0,7.72,clear sky
68,Dingle,PH,10.9995,122.6711,87.8,63,62,5.37,broken clouds
69,Labuhan,ID,-6.8844,112.2051,83.66,73,100,5.91,overcast clouds
70,Vanavara,RU,60.34,102.2797,71.74,40,87,7.05,overcast clouds
71,Harper,LR,4.375,-7.7169,77.49,79,100,8.72,overcast clouds
72,Kangundo,KE,-1.2979,37.3471,56.89,92,95,0.92,overcast clouds
73,Puerto Ayora,EC,-0.7393,-90.3518,72.55,87,96,3.0,overcast clouds
74,Ancud,CL,-41.8697,-73.8203,51.22,87,100,11.18,light rain
75,Kloulklubed,PW,7.0419,134.2556,82.9,76,100,10.71,overcast clouds
76,Tocopilla,CL,-22.092,-70.1979,62.4,65,7,6.02,clear sky
77,Angoche,MZ,-16.2325,39.9086,66.76,92,30,9.82,light rain
78,Kavaratti,IN,10.5669,72.642,82.92,75,100,13.58,overcast clouds
79,Warri,NG,5.5167,5.75,75.76,94,100,1.61,light rain
80,Saint-Philippe,RE,-21.3585,55.7679,69.39,87,96,16.37,moderate rain
81,Cherskiy,RU,68.75,161.3,69.6,31,13,8.01,few clouds
82,Kruisfontein,ZA,-34.0033,24.7314,62.02,50,100,0.45,overcast clouds
83,Koson,UZ,39.0375,65.585,75.52,33,0,3.98,clear sky
84,Rawson,AR,-43.3002,-65.1023,55.76,28,100,12.12,overcast clouds
85,San Cristobal,VE,7.7669,-72.225,68.18,98,100,2.95,overcast clouds
86,Norman Wells,CA,65.282,-126.8329,41.04,93,100,13.8,light intensity shower rain
87,Bredasdorp,ZA,-34.5322,20.0403,58.3,72,100,6.58,overcast clouds
88,Provideniya,RU,64.3833,-173.3,42.37,62,100,2.46,overcast clouds
89,Saskylakh,RU,71.9167,114.0833,69.06,29,1,7.29,clear sky
90,Tiksi,RU,71.6872,128.8694,45.12,66,71,6.73,broken clouds
91,Saint-Joseph,RE,-21.3667,55.6167,68.38,85,54,16.49,light rain
92,Romny,UA,50.751,33.4747,59.32,94,2,5.84,clear sky
93,Birjand,IR,32.8663,59.2211,76.24,30,3,8.97,clear sky
94,Marmaris,TR,36.855,28.2742,73.11,79,5,5.97,clear sky
95,Ribeira Grande,PT,38.5167,-28.7,62.92,81,74,22.82,broken clouds
96,Castro,BR,-24.7911,-50.0119,37.49,70,0,4.12,clear sky
97,Leshukonskoye,RU,64.8989,45.7622,57.33,48,100,7.78,overcast clouds
98,Bluff,NZ,-46.6,168.3333,45.81,61,94,24.94,overcast clouds
99,Dikson,RU,73.5069,80.5464,29.98,93,100,17.38,overcast clouds
100,Yaan,NG,7.3833,8.5667,71.98,96,91,3.85,moderate rain
101,Kirakira,SB,-10.4544,161.9205,84.7,70,27,9.1,scattered clouds
102,Sitka,US,57.0531,-135.33,51.69,76,100,0.0,overcast clouds
103,Bambous Virieux,MU,-20.3428,57.7575,70.21,79,58,20.15,light rain
104,Khatanga,RU,71.9667,102.5,67.87,32,100,11.56,overcast clouds
105,Waingapu,ID,-9.6567,120.2641,83.8,59,88,12.84,overcast clouds
106,Mahina,PF,-17.5065,-149.489,83.97,58,20,3.44,few clouds
107,Narsaq,GL,60.9167,-46.05,44.82,93,100,5.14,overcast clouds
108,Tucuman,AR,-26.8241,-65.2226,44.6,93,0,10.36,clear sky
109,Egvekinot,RU,66.3167,-179.1667,46.13,40,100,2.48,overcast clouds
110,Cidreira,BR,-30.1811,-50.2056,49.66,76,37,14.58,scattered clouds
111,Salalah,OM,17.0151,54.0924,82.89,82,10,4.72,clear sky
112,Kargopol,RU,61.5071,38.9456,52.2,81,100,4.99,light rain
113,Esperance,AU,-33.8667,121.9,62.44,70,90,33.26,overcast clouds
114,Sabha,LY,27.0377,14.4283,75.18,35,0,9.31,clear sky
115,Faya,SA,18.3851,42.4509,64.92,18,1,5.08,clear sky
116,Faanui,PF,-16.4833,-151.75,79.75,74,71,22.01,light rain
117,Hasaki,JP,35.7333,140.8333,75.29,58,47,12.15,scattered clouds
118,Pacific Grove,US,36.6177,-121.9166,68.54,84,100,13.0,overcast clouds
119,Cartagena,CO,10.3997,-75.5144,78.42,94,75,3.44,broken clouds
120,La Asuncion,VE,11.0333,-63.8628,77.95,84,100,15.23,overcast clouds
121,Onega,RU,63.9061,38.1404,56.23,91,100,7.58,overcast clouds
122,Sao Filipe,CV,14.8961,-24.4956,72.81,84,34,4.52,scattered clouds
123,Fortuna,US,40.5982,-124.1573,57.65,78,100,14.97,overcast clouds
124,Coahuayana,MX,18.7333,-103.6833,80.73,77,61,1.41,broken clouds
125,Cubarral,CO,3.7935,-73.8406,68.2,97,99,1.36,overcast clouds
126,Balabac,PH,7.9868,117.0645,86.61,59,100,3.91,overcast clouds
127,Broome,US,42.2506,-75.833,65.53,97,100,6.91,light rain
128,Fairbanks,US,64.8378,-147.7164,68.59,43,0,0.0,haze
129,San Carlos De Bariloche,AR,-41.1456,-71.3082,37.24,76,48,5.57,scattered clouds
130,Altar,MX,30.7,-111.8167,96.39,24,0,12.55,clear sky
131,Airai,TL,-8.9266,125.4092,70.5,54,53,4.61,broken clouds
132,Talnakh,RU,69.4865,88.3972,70.02,34,70,2.17,broken clouds
133,Buchanan,LR,5.8808,-10.0467,75.78,90,44,5.97,moderate rain
134,Buala,SB,-8.145,159.5921,84.51,67,10,5.95,light rain
135,Clyde River,CA,70.4692,-68.5914,32.7,73,66,1.72,broken clouds
136,Kulhudhuffushi,MV,6.6221,73.07,82.63,76,99,7.27,overcast clouds
137,Booue,GA,-0.0921,11.9385,71.15,99,39,2.77,scattered clouds
138,Vardo,NO,70.3705,31.1107,46.38,66,20,18.41,few clouds
139,Kavieng,PG,-2.5744,150.7967,83.44,72,94,11.74,light rain
140,Suez,EG,29.9737,32.5263,71.37,76,0,5.14,clear sky
141,Port Hardy,CA,50.6996,-127.4199,52.5,76,21,15.21,few clouds
142,San Vicente,AR,-26.6167,-54.1333,35.01,94,0,2.66,clear sky
143,Atuona,PF,-9.8,-139.0333,77.52,68,66,19.01,broken clouds
144,Mehamn,NO,71.0357,27.8492,44.51,93,75,24.16,broken clouds
145,Pemba,MZ,-12.974,40.5178,69.4,84,3,13.98,clear sky
146,Encheng,CN,22.1839,112.3026,83.97,84,100,11.5,light rain
147,Pisco,PE,-13.7,-76.2167,60.85,82,100,2.3,mist
148,Anloga,GH,5.7947,0.8973,78.84,78,100,11.1,overcast clouds
149,Tabuk,PH,17.4189,121.4443,87.91,65,62,7.72,broken clouds
150,Wum,CM,6.3833,10.0667,61.79,94,83,3.06,broken clouds
151,Omboue,GA,-1.5746,9.2618,73.87,94,16,5.03,few clouds
152,Chokurdakh,RU,70.6333,147.9167,67.5,19,15,10.04,few clouds
153,Kalmunai,LK,7.4167,81.8167,84.65,66,70,2.89,broken clouds
154,Westport,US,41.1415,-73.3579,69.35,93,100,1.01,overcast clouds
155,Cape Town,ZA,-33.9258,18.4232,59.34,91,100,3.0,heavy intensity rain
156,Severo-Kurilsk,RU,50.6789,156.125,45.45,84,51,9.4,broken clouds
157,Lagoa,PT,39.05,-27.9833,62.2,83,80,18.68,light rain
158,Dover,US,39.1582,-75.5244,72.1,95,0,6.91,clear sky
159,New Norfolk,AU,-42.7826,147.0587,52.72,74,65,3.0,broken clouds
160,Lagonoy,PH,13.7342,123.5207,88.56,65,46,6.89,scattered clouds
161,Minden,DE,52.2833,8.9167,54.99,84,42,3.44,scattered clouds
162,Dunedin,NZ,-45.8742,170.5036,46.8,80,100,18.99,light rain
163,Praia Da Vitoria,PT,38.7333,-27.0667,61.75,91,55,15.19,light rain
164,Staryy Saltiv,UA,50.0827,36.7939,64.45,89,16,1.41,few clouds
165,Suleja,NG,9.1758,7.1808,73.17,81,60,1.59,broken clouds
166,Bitung,ID,1.4451,125.1824,88.65,67,97,4.09,overcast clouds
167,Dauphin,CA,51.1494,-100.0502,56.3,97,92,3.67,overcast clouds
168,Anadyr,RU,64.75,177.4833,61.3,44,20,6.71,few clouds
169,Aroeiras,BR,-7.5453,-35.7075,66.42,98,20,1.74,few clouds
170,Port Augusta,AU,-32.5,137.7667,60.94,47,16,12.37,few clouds
171,La Orilla,MX,17.9833,-102.2333,81.46,75,11,2.26,few clouds
172,Avera,US,33.194,-82.5271,82.54,65,83,6.15,broken clouds
173,Wajir,KE,1.7471,40.0573,72.52,83,48,11.1,scattered clouds
174,Imeni Zhelyabova,RU,58.9544,36.5956,54.93,83,100,3.15,overcast clouds
175,Arraial Do Cabo,BR,-22.9661,-42.0278,67.93,59,100,25.75,overcast clouds
176,Mantua,IT,45.1667,10.7833,69.35,76,42,1.99,scattered clouds
177,Lazaro Cardenas,MX,17.9583,-102.2,81.84,76,11,3.13,few clouds
178,Vanimo,PG,-2.6741,141.3028,85.77,61,10,9.22,clear sky
179,Saint George,US,37.1041,-113.5841,97.39,7,0,20.71,clear sky
180,Oktyabrskoye,RU,43.0645,44.7417,62.74,77,71,6.71,broken clouds
181,Yakima,US,46.4665,-120.6678,55.71,68,100,14.97,overcast clouds
182,Lasa,IT,46.6166,10.7002,59.36,63,95,3.4,overcast clouds
183,Ahipara,NZ,-35.1667,173.1667,59.23,62,8,22.57,clear sky
184,Dukat,RU,62.55,155.55,45.3,63,75,4.65,broken clouds
185,Warrensburg,US,38.7628,-93.7361,84.38,82,0,4.61,clear sky
186,Chimore,BO,-16.9833,-65.1333,57.0,89,0,1.99,clear sky
187,Chernyshevskiy,RU,63.0128,112.4714,68.2,27,35,5.01,scattered clouds
188,Douglas,US,41.3,-96.167,82.6,78,0,8.05,clear sky
189,Vila Franca Do Campo,PT,37.7167,-25.4333,62.2,89,21,6.15,few clouds
190,Yumen,CN,40.2833,97.2,80.91,7,0,16.75,clear sky
191,Kawalu,ID,-7.3817,108.2082,82.44,71,100,1.48,overcast clouds
192,Asau,RO,46.4333,26.4,63.52,93,15,4.63,few clouds
193,Usvyaty,RU,55.7456,30.7533,56.43,91,60,3.29,broken clouds
194,Souillac,MU,-20.5167,57.5167,72.14,83,66,18.23,light rain
195,Kazachinskoye,RU,57.6953,93.2761,77.0,45,28,7.11,scattered clouds
196,Torbay,CA,47.6666,-52.7314,45.88,92,100,15.01,mist
197,Banjar,ID,-8.19,114.9675,83.7,77,96,3.09,overcast clouds
198,Pakenham,AU,-38.0667,145.4833,54.39,86,100,1.99,overcast clouds
199,Singleton,AU,-32.5667,151.1833,60.66,45,0,0.74,clear sky
200,Dharchula,IN,29.85,80.5333,86.52,30,12,4.68,few clouds
201,Mirador,BR,-6.3708,-44.3631,73.27,91,77,1.92,broken clouds
202,Hamilton,US,39.1834,-84.5333,76.6,89,100,0.0,overcast clouds
203,Luanda,AO,-8.8368,13.2343,67.84,86,1,6.49,clear sky
204,Abha,SA,18.2164,42.5053,64.65,34,0,0.0,clear sky
205,Geraldton,AU,-28.7667,114.6,68.41,64,75,9.22,broken clouds
206,Namibe,AO,-15.1961,12.1522,67.75,58,0,6.96,clear sky
207,Husavik,IS,66.0449,-17.3389,43.02,92,99,5.39,overcast clouds
208,Guerrero Negro,MX,27.9769,-114.0611,65.23,85,10,16.98,clear sky
209,Jacmel,HT,18.2342,-72.5347,82.24,85,31,6.08,scattered clouds
210,Thompson,CA,55.7435,-97.8558,60.64,63,60,3.47,broken clouds
211,Lompoc,US,34.6391,-120.4579,71.74,86,100,20.0,fog
212,Baherden,TM,38.4362,57.4316,82.72,27,0,11.14,clear sky
213,Rocha,UY,-34.4833,-54.3333,42.51,93,5,3.8,clear sky
214,Hobyo,SO,5.3505,48.5268,78.4,78,100,23.0,overcast clouds
215,Nanortalik,GL,60.1432,-45.2371,36.16,95,95,9.24,overcast clouds
216,Tuatapere,NZ,-46.1333,167.6833,46.42,69,100,18.14,overcast clouds
217,The Pas,CA,53.8251,-101.2541,57.07,83,12,7.87,few clouds
218,Longyearbyen,SJ,78.2186,15.6401,39.04,81,100,4.61,overcast clouds
219,Sur,OM,22.5667,59.5289,83.48,74,1,14.12,clear sky
220,Presidencia Roque Saenz Pena,AR,-26.7852,-60.4388,44.53,66,0,6.02,clear sky
221,Havre-Saint-Pierre,CA,50.2334,-63.5986,53.71,70,54,3.94,broken clouds
222,Port Hedland,AU,-20.3167,118.5667,82.45,20,0,11.5,clear sky
223,Bonavista,CA,48.6499,-53.1147,41.88,88,90,9.51,overcast clouds
224,Raxaul,IN,26.9833,84.85,94.64,45,27,11.74,scattered clouds
225,Umea,SE,63.8284,20.2597,51.91,100,20,2.3,fog
226,Igrim,RU,63.1906,64.4162,49.66,63,100,11.14,overcast clouds
227,Lodja,CD,-3.4833,23.4333,74.52,61,100,1.45,overcast clouds
228,Ayan,RU,56.45,138.1667,42.24,97,100,9.4,overcast clouds
229,Tabou,CI,4.423,-7.3528,77.43,79,100,8.37,overcast clouds
230,Talcahuano,CL,-36.7167,-73.1167,46.08,81,40,6.91,scattered clouds
231,Port Alfred,ZA,-33.5906,26.891,70.18,38,100,3.0,overcast clouds
232,Lima,PE,-12.0432,-77.0282,60.91,84,100,9.22,overcast clouds
233,Lawrenceburg,US,38.0373,-84.8966,80.49,79,20,6.91,few clouds
234,Kamaishi,JP,39.2667,141.8833,61.2,76,72,14.94,broken clouds
235,Huntsville,US,34.7304,-86.5861,82.31,79,0,10.0,clear sky
236,North Bend,US,43.4065,-124.2243,55.85,87,100,6.91,overcast clouds
237,Ville-Marie,CA,47.3335,-79.433,49.37,94,34,5.37,scattered clouds
238,Nador,MA,35.174,-2.9287,71.85,83,0,1.14,clear sky
239,Tororo,UG,0.693,34.1809,63.46,85,77,3.29,broken clouds
240,Severo-Yeniseyskiy,RU,60.3725,93.0408,68.94,53,54,7.96,light rain
241,Ambilobe,MG,-13.2,49.05,64.81,86,1,3.24,clear sky
242,Luba,GQ,3.4568,8.5547,78.76,86,99,7.52,light rain
243,Perth,AU,-31.9333,115.8333,67.03,62,75,18.41,broken clouds
244,Tsivilsk,RU,55.8611,47.4664,56.41,78,6,3.13,clear sky
245,Taoudenni,ML,22.6783,-3.9836,93.25,25,100,4.92,overcast clouds
246,Massakory,TD,12.996,15.7293,85.5,49,86,14.65,overcast clouds
247,Mahebourg,MU,-20.4081,57.7,70.25,79,62,20.33,light rain
248,Oranjemund,NA,-28.55,16.4333,58.26,60,100,7.96,overcast clouds
249,Zhongshan,CN,21.3226,110.5829,85.73,79,100,8.46,overcast clouds
250,Hun,LY,29.1268,15.9477,71.02,59,0,6.98,clear sky
251,Tasiilaq,GL,65.6145,-37.6368,35.76,99,100,4.12,light rain
252,Raudeberg,NO,61.9875,5.1352,48.96,95,100,20.47,light rain
253,Malchin,DE,53.7333,12.7833,52.18,96,59,7.47,broken clouds
254,Qasigiannguit,GL,68.8193,-51.1922,32.25,85,100,3.22,light snow
255,San Gwann,MT,35.9056,14.4761,70.65,78,20,4.61,few clouds
256,Eyl,SO,7.9803,49.8164,80.8,61,96,25.97,overcast clouds
257,Malpe,IN,13.35,74.7167,79.9,80,88,5.21,overcast clouds
258,Sibu,MY,2.3,111.8167,76.39,95,100,1.19,overcast clouds
259,Saldanha,ZA,-33.0117,17.9442,59.25,92,100,16.6,light rain
260,Bubaque,GW,11.2833,-15.8333,80.1,80,99,11.43,overcast clouds
261,Mae Sai,TH,20.4335,99.8762,83.66,69,95,2.51,overcast clouds
262,Yuancheng,CN,36.652,107.7896,79.05,12,0,16.46,clear sky
263,Bosaso,SO,11.2842,49.1816,91.17,44,100,7.94,overcast clouds
264,Zhigansk,RU,66.7697,123.3711,50.79,94,100,4.7,light rain
265,Port Orange,US,29.1383,-80.9956,81.99,82,75,4.0,broken clouds
266,Oudtshoorn,ZA,-33.5907,22.2014,57.56,39,100,5.41,overcast clouds
267,Port-Gentil,GA,-0.7193,8.7815,77.59,83,92,7.38,overcast clouds
268,Moose Jaw,CA,50.4001,-105.5344,63.63,73,100,11.7,overcast clouds
269,Kaithal,IN,29.8,76.3833,99.52,24,0,10.96,clear sky
270,Cap Malheureux,MU,-19.9842,57.6142,70.47,85,40,7.0,light rain
271,Olavarria,AR,-36.8927,-60.3225,44.44,61,79,7.61,broken clouds
272,Port Blair,IN,11.6667,92.75,84.24,84,40,4.61,scattered clouds
273,Liverpool,GB,53.4106,-2.9779,55.35,80,20,16.11,few clouds
274,Kodiak,US,57.79,-152.4072,67.51,49,0,11.5,smoke
275,Griffith,US,41.5284,-87.4237,62.53,86,75,8.05,broken clouds
276,Luwuk,ID,-0.9516,122.7875,85.44,69,45,4.03,scattered clouds
277,Meulaboh,ID,4.1363,96.1285,83.01,66,93,3.69,overcast clouds
278,Andenes,NO,69.3143,16.1194,44.58,93,100,12.66,light rain
279,Sao Joao Da Barra,BR,-21.6403,-41.0511,67.93,69,100,18.3,overcast clouds
280,Xudat,AZ,41.631,48.681,69.1,75,45,13.2,scattered clouds
281,Teya,RU,60.3778,92.6267,72.3,53,51,7.87,light rain
282,Iqaluit,CA,63.7506,-68.5145,38.7,66,97,11.01,overcast clouds
283,Palasa,IN,18.7667,84.4167,91.9,46,46,5.03,scattered clouds
284,Flin Flon,CA,54.7682,-101.865,60.44,78,34,8.84,scattered clouds
285,Birin,NP,26.8865,88.0718,69.69,80,23,3.98,moderate rain
286,Videira,BR,-27.0083,-51.1517,33.84,98,0,0.74,clear sky
287,Darlowo,PL,54.421,16.4107,58.08,80,99,9.1,overcast clouds
288,Akranes,IS,64.3218,-22.0749,48.76,84,100,15.23,overcast clouds
289,Zyryanka,RU,65.75,150.85,69.39,30,19,13.78,few clouds
290,Lewistown,US,40.5992,-77.5714,70.2,100,0,0.0,mist
291,Hoeilaart,BE,50.7667,4.4667,56.34,86,0,6.91,clear sky
292,Yulara,AU,-25.2406,130.9889,63.61,34,0,4.68,clear sky
293,Pecos,US,31.4229,-103.4932,97.3,17,0,18.41,clear sky
294,Kampot,KH,10.6167,104.1833,89.65,61,91,5.03,overcast clouds
295,Karaton,ID,-6.3424,106.1045,81.36,77,100,1.3,light rain
296,Rorvik,NO,64.8621,11.2373,50.76,88,95,17.96,light rain
297,Marsa Matruh,EG,31.3525,27.2453,70.45,89,0,10.49,clear sky
298,Acarau,BR,-2.8856,-40.12,76.42,84,88,8.46,overcast clouds
299,Curaca,BR,-8.9903,-39.9094,76.12,72,30,8.59,scattered clouds
300,Guatire,VE,10.4762,-66.5427,77.2,98,100,1.92,overcast clouds
301,San Martin,AR,-33.081,-68.4681,49.59,51,33,6.22,scattered clouds
302,Atar,MR,20.5169,-13.0499,91.81,11,8,8.03,clear sky
303,Hovd,MN,48.0056,91.6419,80.47,22,6,0.85,clear sky
304,Elat,IL,29.5581,34.9482,75.85,68,0,7.7,clear sky
305,Tongren,CN,27.7172,109.1853,73.33,87,99,1.63,overcast clouds
306,Skelleftea,SE,64.7507,20.9528,57.99,67,23,4.61,few clouds
307,Mehran,IR,33.1222,46.1646,91.6,14,0,7.92,clear sky
308,Yarmouth,US,41.7057,-70.2286,68.11,87,40,8.05,scattered clouds
309,Hami,CN,42.8,93.45,93.07,5,0,6.11,clear sky
310,Nizwa,OM,22.9333,57.5333,88.63,23,15,4.68,few clouds
311,Byron Bay,AU,-28.65,153.6167,65.71,65,64,8.05,broken clouds
312,Veraval,IN,20.9,70.3667,84.72,74,54,11.74,broken clouds
313,Grootfontein,NA,-19.5667,18.1167,48.02,64,0,5.03,clear sky
314,Azad Shahr,IR,34.7909,48.5707,70.75,28,0,3.31,clear sky
315,Montgomery,US,39.1501,-77.1997,73.69,89,0,4.61,clear sky
316,Conde,BR,-7.2597,-34.9075,72.86,94,20,2.3,few clouds
317,Riberalta,BO,-10.9833,-66.1,59.94,81,13,3.53,few clouds
318,Saint-Francois,FR,46.4154,3.9054,63.84,88,0,3.44,clear sky
319,Riyadh,SA,24.6877,46.7219,84.34,13,0,5.06,clear sky
320,Kholtoson,RU,50.2981,103.3097,78.66,24,24,3.85,few clouds
321,Kamenka,RU,51.3223,42.7678,57.97,75,0,6.44,clear sky
322,Changli,CN,39.7042,119.1506,70.03,80,100,10.76,moderate rain
323,Tanout,NE,14.9709,8.8879,81.81,51,73,14.52,broken clouds
324,Xining,CN,36.6167,101.7667,63.55,35,28,4.83,scattered clouds
325,Przhevalskoye,RU,55.5093,31.8482,55.76,95,73,3.38,broken clouds
326,Cabo San Lucas,MX,22.8909,-109.9124,90.7,71,5,14.74,clear sky
327,Abatskoye,RU,56.2875,70.4555,56.66,91,68,11.56,broken clouds
328,Rio Bueno,CL,-40.3167,-72.9667,48.34,92,100,4.27,overcast clouds
329,Hambantota,LK,6.1241,81.1185,84.22,68,53,18.52,broken clouds
330,Bereznik,RU,62.8551,42.7072,56.17,59,100,7.34,overcast clouds
331,Akdepe,TM,42.0551,59.3788,84.18,16,0,3.69,clear sky
332,Saint-Pierre,RE,-21.3393,55.4781,72.91,88,100,21.85,light rain
333,Mapastepec,MX,15.4333,-92.9,75.2,94,100,3.36,overcast clouds
334,Kapoeta,SS,4.7717,33.5903,77.09,48,48,14.7,scattered clouds
335,San Patricio,US,28.017,-97.5169,84.09,80,5,17.13,clear sky
336,Mount Gambier,AU,-37.8333,140.7667,51.71,87,75,8.05,broken clouds
337,Ostrovnoy,RU,68.0531,39.5131,55.04,77,100,5.06,overcast clouds
338,Black Forest,US,39.0131,-104.7008,77.97,22,0,4.61,clear sky
339,Kapuskasing,CA,49.4169,-82.4331,50.94,92,100,3.49,overcast clouds
340,El Obraje,HN,14.0,-86.4333,68.88,99,100,1.5,overcast clouds
341,Itoman,JP,26.1247,127.6694,88.57,86,75,18.41,broken clouds
342,Panaba,MX,21.2833,-88.2667,79.38,70,4,10.42,clear sky
343,Goderich,CA,43.7501,-81.7165,56.91,79,7,6.22,clear sky
344,Planeta Rica,CO,8.4147,-75.5883,74.34,95,100,4.76,overcast clouds
345,Sao Miguel Do Araguaia,BR,-13.275,-50.1628,70.43,57,85,6.33,overcast clouds
346,Kupino,RU,54.3663,77.2981,73.58,46,3,2.1,clear sky
347,Henties Bay,NA,-22.116,14.2845,59.9,79,0,4.72,clear sky
348,Pryazha,RU,61.6926,33.6216,56.25,91,78,5.84,broken clouds
349,Margate,GB,51.3813,1.3862,55.69,71,14,5.01,few clouds
350,Pizarro,CO,4.9533,-77.366,77.36,86,87,5.59,light rain
351,Constitucion,CL,-35.3333,-72.4167,48.47,89,87,2.68,overcast clouds
352,Kaitangata,NZ,-46.2817,169.8464,45.36,81,100,21.03,light rain
353,Gorele,TR,41.0308,39.0031,67.46,90,100,7.45,overcast clouds
354,Lander,US,42.833,-108.7307,72.41,50,0,8.05,clear sky
355,Illapel,CL,-31.6308,-71.1653,57.6,57,3,0.65,clear sky
356,Markova,UA,48.6758,24.4138,54.32,89,0,3.4,clear sky
357,Sorland,NO,67.667,12.6934,49.86,92,95,15.23,overcast clouds
358,Srednekolymsk,RU,67.45,153.6833,72.91,30,3,8.28,clear sky
359,Nijar,ES,36.9665,-2.206,76.64,24,0,14.97,clear sky
360,Praia,CV,14.9215,-23.5087,73.94,78,75,9.22,broken clouds
361,Bandon,IE,51.7469,-8.7425,51.46,90,25,3.67,scattered clouds
362,Hervey Bay,AU,-25.2986,152.8535,66.04,61,19,8.43,few clouds
363,Mar Del Plata,AR,-38.0023,-57.5575,48.94,69,100,3.0,overcast clouds
364,Cedar City,US,37.6775,-113.0619,80.4,9,0,18.41,clear sky
365,Murray Bridge,AU,-35.1167,139.2667,56.12,55,76,9.84,broken clouds
366,Kiama,AU,-34.6833,150.8667,63.37,52,4,5.97,clear sky
367,Miragoane,HT,18.4423,-73.0876,80.19,76,46,7.27,scattered clouds
368,Viedma,AR,-40.8135,-62.9967,55.11,45,100,14.7,overcast clouds
369,Codrington,AU,-38.2667,141.9667,55.18,72,96,3.58,overcast clouds
370,Kudat,MY,6.8837,116.8477,85.14,66,100,0.6,overcast clouds
371,Isla Mujeres,MX,21.2311,-86.731,82.45,86,6,9.64,clear sky
372,Nazarovo,RU,56.0064,90.3914,73.56,52,100,5.95,overcast clouds
373,Kargasok,RU,59.0556,80.8572,65.05,74,65,11.07,broken clouds
374,Puerto Escondido,MX,15.85,-97.0667,77.83,69,100,6.91,overcast clouds
375,Avallon,FR,47.4833,3.9,50.85,93,3,3.56,clear sky
376,Santa Maria,BR,-29.6842,-53.8069,41.85,78,0,2.37,clear sky
377,Chiang Rai,TH,19.9167,99.9167,87.13,66,79,3.0,broken clouds
378,Vila Do Maio,CV,15.1333,-23.2167,74.19,86,53,13.47,broken clouds
379,Halifax,CA,44.6453,-63.5724,61.7,82,96,1.99,overcast clouds
380,Bilibino,RU,68.0546,166.4372,67.14,26,19,10.02,few clouds
381,Porto Walter,BR,-8.2686,-72.7439,62.87,82,16,2.28,few clouds
382,Dauriya,RU,49.9333,116.8667,67.89,56,98,9.33,overcast clouds
383,Susanville,US,40.4163,-120.653,55.24,80,40,10.36,scattered clouds
384,Nyirabrany,HU,47.5531,22.024,62.24,78,0,5.68,clear sky
385,Paratinga,BR,-12.6906,-43.1842,75.2,41,40,3.24,scattered clouds
386,Phan Thiet,VN,10.9333,108.1,86.99,65,79,5.21,broken clouds
387,Teguise,ES,29.0605,-13.564,66.42,83,100,11.5,overcast clouds
388,Beloha,MG,-25.1667,45.05,58.42,74,0,8.12,clear sky
389,Luderitz,NA,-26.6481,15.1594,58.68,61,82,7.43,broken clouds
390,Najran,SA,17.4924,44.1277,78.8,19,66,6.49,broken clouds
391,Turukhansk,RU,65.8167,87.9833,69.24,59,99,9.51,overcast clouds
392,Maumere,ID,-8.6199,122.2111,81.86,67,100,7.61,overcast clouds
393,Trairi,BR,-3.2778,-39.2689,75.27,86,80,4.94,broken clouds
394,Ust-Nera,RU,64.5667,143.2,64.53,35,100,4.94,overcast clouds
395,Otofuke,JP,42.9917,143.2003,56.91,86,100,3.27,light rain
396,Bakong,CM,5.0935,10.4852,61.52,96,100,0.31,overcast clouds
397,Vostok,RU,46.4856,135.8833,74.41,30,7,0.94,clear sky
398,Pec,XK,42.6591,20.2883,58.5,92,39,5.55,scattered clouds
399,Carlsbad,US,33.1581,-117.3506,69.82,87,100,6.91,overcast clouds
400,San Juan,AR,-31.5375,-68.5364,51.49,44,6,2.26,clear sky
401,College,US,64.8569,-147.8028,68.58,43,100,1.01,smoke
402,Stepnoye,RU,51.4,46.8667,57.0,69,2,6.91,clear sky
403,Uglegorsk,RU,49.0833,142.0333,54.52,77,34,5.79,scattered clouds
404,Narasapur,IN,16.45,81.6667,85.57,72,100,4.63,overcast clouds
405,Houma,US,29.5958,-90.7195,82.0,87,0,1.01,clear sky
406,Ojinaga,MX,29.5667,-104.4167,100.42,20,0,10.36,clear sky
407,Mumford,GH,5.2618,-0.759,76.48,83,100,7.45,overcast clouds
408,Brokopondo,SR,4.75,-55.1667,76.19,87,14,4.34,few clouds
409,Aksu,CN,41.1231,80.2644,90.18,11,93,8.39,overcast clouds
410,New Ulm,US,44.3125,-94.4605,80.56,56,0,4.61,clear sky
411,Soc Trang,VN,9.6033,105.98,88.32,62,60,5.93,broken clouds
412,Churapcha,RU,62.0025,132.4325,62.11,52,100,6.33,overcast clouds
413,Ndele,CF,8.4109,20.6473,69.21,97,100,2.86,overcast clouds
414,Kedrovyy,RU,56.1667,91.8167,76.87,55,100,4.52,overcast clouds
415,Sombrio,BR,-29.1139,-49.6167,47.97,75,0,6.53,clear sky
416,The Valley,AI,18.217,-63.0578,81.82,84,0,18.25,clear sky
417,Jalu,LY,29.0331,21.5482,70.21,68,0,10.51,clear sky
418,Shenjiamen,CN,29.9576,122.298,69.66,92,100,10.89,light rain
419,Poum,NC,-20.2333,164.0167,75.42,83,100,11.23,overcast clouds
420,Vieques,PR,18.425,-65.8329,82.44,78,20,5.75,haze
421,Bay Roberts,CA,47.5999,-53.2648,46.65,86,100,5.01,overcast clouds
422,Coquimbo,CL,-29.9533,-71.3436,51.53,87,100,2.3,overcast clouds
423,Iranshahr,IR,27.2025,60.6848,87.04,44,3,4.34,clear sky
424,Sao Geraldo Do Araguaia,BR,-6.4006,-48.555,71.01,96,96,2.28,overcast clouds
425,Valparaiso,CL,-33.0393,-71.6273,53.47,83,100,3.44,overcast clouds
426,Vao,NC,-22.6667,167.4833,71.17,75,100,10.31,overcast clouds
427,Muli,MV,2.9167,73.5667,83.28,70,76,5.84,broken clouds
428,Bonthe,SL,7.5264,-12.505,77.99,85,100,5.66,overcast clouds
429,Pitimbu,BR,-7.4706,-34.8086,73.99,81,8,5.19,clear sky
430,Necochea,AR,-38.5473,-58.7368,48.36,57,73,9.42,broken clouds
431,Sisimiut,GL,66.9395,-53.6735,32.31,79,100,16.58,overcast clouds
432,Lityn,UA,49.3251,28.0809,56.88,94,0,7.09,clear sky
433,Raton,US,36.9034,-104.4391,81.21,13,0,16.11,clear sky
434,Vila Velha,BR,-20.3297,-40.2925,69.75,93,100,10.0,overcast clouds
435,Moerai,PF,-22.4333,-151.3333,75.4,70,100,14.74,overcast clouds
436,Marzuq,YE,14.4,46.4667,80.44,17,100,3.49,overcast clouds
437,Abalak,RU,58.1286,68.5944,52.45,98,100,7.43,light rain
438,San Roque,ES,36.2107,-5.3842,72.43,64,100,16.11,overcast clouds
439,Xai-Xai,MZ,-25.0519,33.6442,59.85,94,4,6.51,clear sky
440,Shetpe,KZ,44.1667,52.1167,75.18,33,100,11.86,overcast clouds
441,Rafraf,TN,37.1904,10.1837,66.51,79,0,11.9,clear sky
442,Lorengau,PG,-2.0226,147.2712,85.28,65,10,11.7,clear sky
443,Dekar,BW,-21.5333,21.9333,50.0,62,0,7.72,clear sky
444,Dovers,VC,12.8833,-61.1833,80.13,79,58,20.47,broken clouds
445,Killybegs,IE,54.6333,-8.45,52.99,89,100,13.51,overcast clouds
446,Asfi,MA,32.2994,-9.2372,68.22,96,64,6.8,broken clouds
447,Rybnaya Sloboda,RU,55.4613,50.1409,52.95,82,10,7.52,clear sky
448,Deulgaon Raja,IN,20.0167,76.0333,82.67,57,96,6.04,overcast clouds
449,Mnogovershinnyy,RU,53.9353,139.9242,71.13,48,20,2.1,few clouds
450,Road Town,VG,18.4167,-64.6167,80.69,78,12,20.83,few clouds
451,Marawi,PH,7.9986,124.2928,81.41,63,93,3.96,overcast clouds
452,Gongzhuling,CN,43.5008,124.8198,65.89,75,100,11.68,overcast clouds
453,Loreto,MX,22.2667,-101.9667,68.76,38,2,23.55,clear sky
454,Gold Coast,AU,-28.0,153.4333,71.17,57,80,9.22,broken clouds
455,Wilmington Island,US,32.0036,-80.9737,81.99,69,0,5.75,clear sky
456,Concepcion,CL,-36.827,-73.0498,46.2,81,40,6.91,scattered clouds
457,Bidar,IN,17.9,77.55,82.99,51,100,11.65,overcast clouds
458,Rio Cuarto,AR,-33.1307,-64.3499,55.47,45,15,15.82,few clouds
459,Le Port,RE,-20.9373,55.2919,73.26,73,23,5.3,few clouds
460,Coxim,BR,-18.5067,-54.76,53.67,49,72,4.25,broken clouds
461,Atikokan,CA,48.7555,-91.6216,58.57,58,100,8.66,overcast clouds
462,Sao Jose Da Coroa Grande,BR,-8.8978,-35.1478,75.36,86,23,1.39,few clouds
463,Marica,BR,-22.9194,-42.8186,66.15,65,100,14.65,overcast clouds
464,Waipawa,NZ,-41.4122,175.5153,49.95,70,57,28.27,moderate rain
465,Goure,NE,13.9835,10.2704,85.01,51,3,12.8,clear sky
466,Kudahuvadhoo,MV,2.6708,72.8944,83.16,70,67,5.41,broken clouds
467,Haines Junction,CA,60.7522,-137.5108,58.95,41,100,8.05,overcast clouds
468,Uvalde,US,29.3669,-99.767,95.14,18,6,13.33,clear sky
469,Jhalawar,IN,24.6,76.15,87.44,57,86,10.18,overcast clouds
470,Maniitsoq,GL,65.4167,-52.9,33.94,84,99,24.16,snow
471,Negotin,RS,44.2264,22.5308,62.8,95,68,2.17,broken clouds
472,Sijunjung,ID,-0.6876,100.9537,80.37,73,95,1.07,overcast clouds
473,Tongeren,BE,50.7805,5.4648,55.06,86,0,6.91,clear sky
474,Frontera,MX,26.9333,-101.45,91.58,20,1,17.72,clear sky
475,Sar-E Pul,AF,35.8333,66.1667,67.91,47,0,1.54,clear sky
476,Longview,US,32.5007,-94.7405,88.05,65,0,9.22,clear sky
477,Itarema,BR,-2.9248,-39.9167,75.83,84,71,7.7,broken clouds
478,Ust-Tsilma,RU,65.441,52.1498,52.81,45,100,3.29,overcast clouds
479,High Level,CA,58.5169,-117.136,66.78,35,52,3.58,broken clouds
480,Berlevag,NO,70.8578,29.0864,44.55,76,100,21.85,overcast clouds
481,Northam,GB,51.0333,-4.2167,54.61,84,16,9.89,few clouds
482,Havoysund,NO,70.9963,24.6622,43.03,90,100,20.15,overcast clouds
483,High Rock,BS,26.6208,-78.2833,82.42,78,78,10.56,broken clouds
484,Mezen,RU,65.8522,44.24,55.85,59,100,8.46,overcast clouds
485,Herran,CO,7.5061,-72.4833,57.4,99,100,2.64,overcast clouds
486,Outjo,NA,-20.1167,16.15,53.26,54,0,7.87,clear sky
487,Gamba,GA,-2.65,10.0,73.35,92,28,4.0,scattered clouds
488,Kutum,SD,14.2,24.6667,77.16,46,38,6.42,scattered clouds
489,Caravelas,BR,-17.7125,-39.2481,71.08,90,66,4.21,broken clouds
490,Beroroha,MG,-21.6667,45.1667,58.05,79,0,4.34,clear sky
491,Bilma,NE,18.6853,12.9164,88.47,13,13,11.41,few clouds
492,Piacabucu,BR,-10.4056,-36.4344,74.41,86,0,3.2,clear sky
493,Adrar,MR,20.5022,-10.0711,86.92,31,18,11.16,few clouds
494,Vermilion,US,40.1667,-87.7506,78.62,87,40,3.44,scattered clouds
495,Ukiah,US,39.1502,-123.2078,63.37,70,0,6.91,clear sky
496,Davila,PH,18.4726,120.5763,89.58,72,84,9.31,broken clouds
497,Ahuimanu,US,21.4447,-157.8378,82.11,71,75,18.41,broken clouds
498,Isangel,VU,-19.55,169.2667,87.91,74,75,6.91,broken clouds
499,Goma,CD,-1.6792,29.2228,60.19,89,61,3.33,broken clouds
500,Krasnyy Yar,RU,46.5331,48.3456,69.73,47,89,15.82,overcast clouds
501,Huarmey,PE,-10.0681,-78.1522,63.75,83,7,9.35,clear sky
502,Fukue,JP,32.6881,128.8419,66.56,94,100,10.36,moderate rain
503,Aksarka,RU,66.5606,67.7975,41.34,67,100,23.51,overcast clouds
504,Punta Cardon,VE,11.6581,-70.215,80.02,77,98,27.83,overcast clouds
505,Ibatiba,BR,-20.2339,-41.5106,60.66,98,99,3.78,overcast clouds
506,Axim,GH,4.8699,-2.2405,76.14,80,43,5.53,scattered clouds
507,Mpanda,TZ,-6.3655,31.0409,64.11,69,94,3.04,overcast clouds
508,Calvinia,ZA,-31.4707,19.776,51.71,48,100,4.81,overcast clouds
509,Cintalapa,MX,16.6951,-93.7272,70.75,98,100,1.86,overcast clouds
510,Grand Gaube,MU,-20.0064,57.6608,72.0,86,38,8.01,moderate rain
511,Rio Gallegos,AR,-51.6226,-69.2181,39.25,87,0,3.44,clear sky
512,Santo Antonio Do Sudoeste,BR,-26.0736,-53.7253,36.91,91,0,3.47,clear sky
513,Lungi,SL,9.2212,-12.6831,74.7,95,100,3.42,light rain
514,Madison,US,34.7334,-86.5667,81.86,80,0,11.99,clear sky
515,Te Anau,NZ,-45.4167,167.7167,39.18,99,100,3.62,overcast clouds
516,Guanica,PR,17.9716,-66.908,82.06,81,4,6.6,clear sky
517,Luganville,VU,-15.5333,167.1667,83.41,69,76,5.93,broken clouds
518,Chanthaburi,TH,12.8333,102.1667,81.5,63,95,4.59,overcast clouds
519,Ilulissat,GL,69.2167,-51.1,32.02,86,100,9.22,light snow
520,Camana,PE,-16.6228,-72.7111,62.4,78,24,8.32,few clouds
521,Khorinsk,RU,52.1657,109.7726,72.41,28,100,3.24,overcast clouds
522,Chiredzi,ZW,-21.05,31.6667,53.73,74,0,3.51,clear sky
523,Nandi Hills,KE,0.1066,35.1838,52.3,95,69,3.94,broken clouds
524,Palana,RU,59.1167,159.9667,39.25,93,100,6.82,light rain
525,Lapua,FI,62.9693,23.0088,54.34,95,92,6.02,overcast clouds
526,Boa Vista,BR,2.8197,-60.6733,78.78,83,75,1.14,broken clouds
527,Sfantu Gheorghe,RO,45.8667,25.7833,60.26,95,11,1.81,few clouds
528,Nenjiang,CN,49.1833,125.2167,68.11,77,100,15.12,moderate rain
529,Nouna,BF,12.7333,-3.8667,84.65,56,15,9.26,few clouds
530,Vitim,RU,59.4511,112.5578,67.91,35,100,0.34,overcast clouds
531,Filingue,NE,14.3521,3.3168,89.67,42,100,10.07,overcast clouds
532,Hofn,IS,64.2539,-15.2082,48.69,89,99,9.64,light rain
533,Akyab,MM,20.15,92.9,85.15,73,40,3.98,scattered clouds
534,Rodrigues Alves,BR,-7.738,-72.6509,62.8,85,10,2.08,clear sky
535,Somerton,US,32.5964,-114.7097,103.1,31,0,9.22,clear sky
536,Sohag,EG,26.557,31.6948,81.57,34,0,8.08,clear sky
537,Kampong Thum,KH,12.7111,104.8887,83.93,71,100,4.72,overcast clouds
538,Rafaela,AR,-31.2503,-61.4867,50.99,48,8,3.0,clear sky
539,Kearney,US,40.6995,-99.0815,80.51,75,0,10.36,clear sky
540,Sao Gabriel Da Cachoeira,BR,-0.1303,-67.0892,68.61,99,95,2.37,overcast clouds
541,Lansing,US,42.7325,-84.5555,66.58,79,7,6.42,clear sky
542,Corinto,GR,37.9407,22.9573,76.89,71,69,3.58,broken clouds
543,Mayumba,GA,-3.432,10.6554,74.28,88,28,3.11,scattered clouds
544,Podporozhye,RU,60.9112,34.1706,55.15,92,99,4.27,overcast clouds
545,Akcakoca,TR,41.0866,31.1162,63.41,94,80,3.2,broken clouds
546,Lovington,US,32.944,-103.3485,90.18,19,12,4.0,few clouds
547,Westerly,US,41.3776,-71.8273,67.41,89,40,1.01,scattered clouds
548,Neuquen,AR,-38.9516,-68.0591,50.09,30,100,1.28,overcast clouds
549,Aginskoye,RU,51.1,114.53,71.1,38,4,11.45,clear sky
550,Moose Factory,CA,51.2585,-80.6094,50.0,87,40,6.91,scattered clouds
551,Bambanglipuro,ID,-7.95,110.2833,81.93,74,97,2.21,overcast clouds
552,Tepalcatepec,MX,19.1833,-102.85,82.11,65,96,5.32,overcast clouds
553,Mount Pleasant,US,32.7941,-79.8626,81.0,91,75,11.5,mist
554,Tymovskoye,RU,50.8456,142.655,70.43,45,93,5.57,overcast clouds
555,Shimoda,JP,34.6667,138.95,75.56,69,100,12.06,overcast clouds
556,Puchezh,RU,56.9788,43.1676,54.23,72,2,2.73,clear sky
557,Patrocinio,BR,-18.9439,-46.9925,54.9,59,100,4.38,overcast clouds
558,Yar-Sale,RU,66.8333,70.8333,42.73,79,100,22.82,light rain
559,Doka,SD,13.5167,35.7667,79.75,64,13,8.61,few clouds
560,Solnechnyy,RU,50.7214,136.6319,78.69,35,15,10.36,few clouds
561,Atlantic City,US,39.3643,-74.4229,68.18,90,0,6.91,clear sky
562,Lewisporte,CA,49.2499,-55.0482,44.31,88,0,3.74,clear sky
563,Trinidad,BO,-14.8333,-64.9,54.27,62,0,4.27,clear sky
564,Butembo,CD,0.15,29.2833,55.6,95,29,2.91,light rain
565,Torata,PE,-17.0769,-70.8433,52.23,29,0,2.35,clear sky
566,Pudozh,RU,61.8099,36.5345,56.03,98,100,6.38,overcast clouds
567,Dibulla,CO,11.2725,-73.3091,77.23,88,100,6.91,overcast clouds
568,Ulladulla,AU,-35.35,150.4667,55.76,49,2,3.78,clear sky
569,San Lazaro,BZ,18.0387,-88.6622,74.71,90,16,5.08,few clouds
570,Tokmak,UA,47.2514,35.7058,63.93,89,16,10.58,few clouds
571,Orapa,BW,-21.2833,25.3667,49.69,69,0,7.92,clear sky
572,Tumen,CN,42.9661,129.8425,58.12,98,100,6.51,moderate rain
573,Pokhara,NP,28.2333,83.9833,79.02,60,84,0.07,broken clouds
574,Ribeira Brava,PT,32.65,-17.0667,69.01,82,22,2.8,few clouds
575,Ankang,CN,32.68,109.0172,82.94,56,0,2.89,clear sky
576,Santa Marta,CO,11.2408,-74.199,77.05,88,100,6.91,light intensity drizzle
577,Hachinohe,JP,40.5,141.5,55.58,94,75,9.22,mist
578,Olot,ES,42.181,2.4901,69.6,10,3,4.59,clear sky
579,Lata,PT,40.1629,-8.3327,65.07,73,2,2.01,clear sky
580,Natal,BR,-5.795,-35.2094,77.22,94,20,3.44,few clouds
581,Iquitos,PE,-3.7481,-73.2472,71.64,94,75,1.14,broken clouds
582,Gaogou,CN,34.0175,119.1886,84.43,40,92,7.23,overcast clouds
583,Goose Creek,US,32.981,-80.0326,80.89,90,40,8.05,scattered clouds
584,Nantucket,US,41.2835,-70.0995,66.0,90,75,10.36,broken clouds
585,Kasongo-Lunda,CD,-6.4667,16.8167,63.43,57,5,0.51,clear sky
586,Aswan,EG,24.0934,32.907,86.74,25,0,13.4,clear sky
587,Morondava,MG,-20.2833,44.2833,67.64,61,0,11.9,clear sky
588,Sistranda,NO,63.7256,8.834,51.76,90,100,10.33,overcast clouds
589,Huicungo,PE,-7.2833,-76.8,67.77,86,81,0.25,broken clouds
590,Ngerengere,TZ,-6.75,38.1167,63.82,95,96,3.11,overcast clouds
591,Okato,NZ,-39.2,173.8833,55.18,80,100,18.01,overcast clouds
592,Manchar,IN,19.0,73.9333,77.25,70,46,7.34,scattered clouds
593,Brae,GB,60.3964,-1.353,50.54,96,100,18.3,overcast clouds
594,Rayong,TH,12.8333,101.4333,89.96,76,90,8.66,overcast clouds
595,Gurupi,BR,-11.7292,-49.0686,73.98,57,83,4.05,broken clouds
596,Port Macquarie,AU,-31.4333,152.9167,63.9,57,0,8.21,clear sky
597,Bilgi,IN,16.35,75.6167,78.17,68,100,13.35,overcast clouds
598,San Jose,US,37.3394,-121.895,69.85,60,40,13.8,scattered clouds
599,Padang,ID,-0.9492,100.3543,84.25,65,98,0.87,overcast clouds
600,Nesna,NO,66.1967,13.0213,50.67,80,100,10.96,overcast clouds
601,Kuminskiy,RU,58.6667,66.5667,50.61,96,100,7.47,overcast clouds
602,San Ramon De La Nueva Oran,AR,-23.1322,-64.326,49.42,78,0,2.01,clear sky
603,Bengkulu,ID,-3.8004,102.2655,82.18,67,100,2.04,overcast clouds
604,Flinders,AU,-34.5833,150.8552,63.05,49,4,5.21,clear sky
605,Dwarka,IN,22.2394,68.9678,85.55,70,70,7.34,broken clouds
606,Graaff-Reinet,ZA,-32.2522,24.5308,59.4,41,100,12.33,overcast clouds
607,Sabla,NG,12.7525,4.7077,85.66,50,46,7.23,scattered clouds
608,Ahmadnagar,IN,19.0833,74.7333,78.55,67,78,10.69,broken clouds
609,Renfrew,GB,55.872,-4.3925,51.84,89,75,5.75,broken clouds
610,Grindavik,IS,63.8424,-22.4338,48.67,100,100,12.66,light intensity drizzle
611,Pontes E Lacerda,BR,-15.2261,-59.3353,53.4,59,3,3.22,clear sky
612,Ponta Delgada,PT,37.7333,-25.6667,62.51,88,20,2.3,few clouds
613,Simoes,BR,-7.5989,-40.8178,74.14,70,94,3.22,overcast clouds
614,Naifaru,MV,5.4444,73.3657,82.96,75,100,8.16,overcast clouds
615,Chopan,IN,24.5167,83.0333,102.47,27,5,16.02,clear sky
616,Simdega,IN,22.6167,84.5167,94.68,35,82,11.56,broken clouds
617,Yanji,CN,42.9075,129.5078,59.43,95,100,5.66,overcast clouds
618,Semnan,IR,35.5729,53.3971,79.2,31,0,2.15,clear sky
619,Koslan,RU,63.4564,48.8989,54.7,47,86,3.78,overcast clouds
620,Inirida,CO,3.8653,-67.9239,69.8,99,100,1.52,overcast clouds
621,Petrovsk-Zabaykalskiy,RU,51.273,108.843,74.3,28,100,2.64,overcast clouds
622,Valera,VE,9.3178,-70.6036,70.72,89,90,4.52,overcast clouds
623,Paramonga,PE,-10.6667,-77.8333,62.85,83,18,9.55,few clouds
624,Vilhena,BR,-12.7406,-60.1458,57.34,82,6,3.71,clear sky
625,Ngaoundere,CM,7.3167,13.5833,62.85,96,100,0.69,overcast clouds
626,Port Shepstone,ZA,-30.7414,30.455,62.2,44,4,7.09,clear sky
627,Sinjar,IQ,36.3209,41.8754,71.58,55,1,13.94,clear sky
628,Evans,US,33.5337,-82.1307,87.04,64,23,1.99,few clouds
629,Chunskiy,RU,56.0815,99.6342,78.48,48,72,5.77,broken clouds
630,Dandong,CN,40.1292,124.3947,74.57,61,100,14.09,overcast clouds
631,Novyy Urengoy,RU,66.0833,76.6333,66.96,60,11,8.08,few clouds
632,Jeremie,HT,18.65,-74.1167,79.83,76,60,5.03,broken clouds
633,Koutiala,ML,12.3917,-5.4642,78.85,70,17,8.25,few clouds
634,Santa Maria Do Para,BR,-1.3503,-47.5756,71.58,95,7,4.52,clear sky
635,Lesosibirsk,RU,58.2358,92.4828,76.28,46,41,6.85,scattered clouds
636,Suffolk,US,40.8668,-72.7996,69.42,93,40,6.91,scattered clouds
637,Tucurui,BR,-3.7661,-49.6725,74.84,92,96,1.95,overcast clouds
638,Quatre Cocos,MU,-20.2078,57.7625,71.71,78,50,19.44,light rain
639,Turayf,SA,31.6725,38.6637,64.65,82,0,13.8,clear sky
640,Igarka,RU,67.4667,86.5833,65.08,68,100,12.03,overcast clouds
641,Eureka,US,40.8021,-124.1637,57.81,77,89,8.99,overcast clouds
642,Basco,PH,20.4487,121.9702,84.9,80,31,16.82,scattered clouds
643,Bathsheba,BB,13.2167,-59.5167,81.21,78,20,19.57,few clouds
644,Tapiramuta,BR,-11.8472,-40.7914,63.77,83,27,2.77,scattered clouds
645,Kaliganj,BD,23.4095,89.1402,93.25,59,86,15.39,overcast clouds
646,Malanville,BJ,11.8685,3.3899,83.35,57,63,6.38,broken clouds
647,Soure,BR,-0.7167,-48.5233,79.05,80,8,9.91,clear sky
648,Baruun-Urt,MN,46.6806,113.2792,59.49,65,100,16.67,overcast clouds
649,Goulburn,AU,-34.75,149.7167,50.94,59,21,1.99,few clouds
650,Hilton Head Island,US,32.2163,-80.7526,82.45,88,83,1.01,broken clouds
651,Ust-Maya,RU,60.4167,134.5333,51.37,95,100,3.33,light rain
652,Ossora,RU,59.2353,163.0719,46.13,79,96,1.86,overcast clouds
653,Zschopau,DE,50.75,13.0667,60.78,76,100,3.13,overcast clouds
654,Kpandu,GH,6.9954,0.2931,74.12,90,97,4.45,overcast clouds
655,Zhezkazgan,KZ,47.8043,67.7144,78.78,27,0,11.18,clear sky
656,Damaturu,NG,11.747,11.9608,81.77,56,69,14.85,broken clouds
657,Mogadishu,SO,2.0371,45.3438,79.05,78,100,19.15,overcast clouds
658,Sertania,BR,-8.0736,-37.2644,67.15,94,12,3.36,few clouds
659,Sampit,ID,-2.5333,112.95,78.89,93,100,0.54,overcast clouds
660,Barvinkove,UA,48.9097,37.0205,63.61,93,88,6.08,heavy intensity rain
661,Prado,BR,-17.3411,-39.2208,71.89,91,21,5.95,few clouds
662,Acapulco,MX,16.8634,-99.8901,80.42,83,100,4.61,overcast clouds
663,Dawei,MM,14.0833,98.2,85.3,72,93,5.12,overcast clouds
664,Cozumel,MX,20.5083,-86.9458,80.01,86,7,7.0,clear sky
665,Eenhana,NA,-17.4667,16.3333,50.9,63,0,6.46,clear sky
666,Verkhnevilyuysk,RU,63.4453,120.3167,55.38,71,100,7.34,light rain
667,Zumarraga,PH,11.6388,124.8417,87.31,63,81,4.74,broken clouds
668,Djambala,CG,-2.5447,14.7533,68.02,77,74,4.25,broken clouds
669,Columbus,US,39.9612,-82.9988,73.6,95,40,3.44,scattered clouds
670,Chara,RU,56.9064,118.2631,65.35,37,4,3.38,clear sky
671,Mezhdurechensk,RU,53.6942,88.0603,70.11,82,100,2.73,light rain
672,Deputatskiy,RU,69.3,139.9,63.91,28,0,23.89,clear sky
673,Tuscaloosa,US,33.2098,-87.5692,83.98,81,40,3.44,scattered clouds
674,Anapskaya,RU,44.89,37.38,68.23,73,0,13.42,clear sky
675,Makushino,RU,55.2103,67.2442,57.54,77,12,7.58,few clouds
676,Mittersill,AT,47.2667,12.4833,58.84,87,65,3.8,moderate rain
677,Kununurra,AU,-15.7667,128.7333,78.78,18,30,12.66,scattered clouds
678,Kviteseid,NO,59.4022,8.4927,43.84,85,10,5.08,clear sky
679,Kamyaran,IR,34.7956,46.9355,72.12,32,0,1.68,clear sky
680,Casablanca,MA,33.5928,-7.6192,79.02,83,80,1.99,broken clouds
681,Aleksandrov Gay,RU,50.147,48.5704,59.88,62,1,8.99,clear sky
682,Linxia,CN,35.6003,103.2064,69.26,35,80,4.41,broken clouds
683,Cockburn Town,TC,21.4612,-71.1419,80.4,84,6,21.79,clear sky
